"No.","Time","Source","Destination","Protocol","Length","Info"
"1","0.000000","2001:448a:10a6:1bbd:7d6c:1346:54db:de34","ff02::1:ff00:1","ICMPv6","86","Neighbor Solicitation for fe80::1 from c8:3d:dc:d5:f9:84"
"2","0.287730","2001:448a:10a6:1bbd:90a7:13fd:2976:6b3c","ff02::1:ff00:1","ICMPv6","86","Neighbor Solicitation for fe80::1 from 8e:47:0b:a5:7c:e5"
"3","0.487784","2001:448a:10a6:1bbd:7d6c:1346:54db:de34","ff02::1:ff00:1","ICMPv6","86","Neighbor Solicitation for fe80::1 from c8:3d:dc:d5:f9:84"
"4","0.673380","HuaweiTe_84:f8:c1","Broadcast","ARP","42","Who has 192.168.100.197? Tell 192.168.100.1"
"5","0.711958","192.168.100.20","224.0.0.251","MDNS","506","Standard query response 0x0000 PTR, cache flush Android.local PTR, cache flush Android.local PTR, cache flush Android.local PTR, cache flush Android.local A, cache flush 192.168.100.20 AAAA, cache flush 2001:448a:10a6:1bbd:1d16:1dac:182f:3b87 AAAA, cache flush 2001:448a:10a6:1bbd:d9df:684a:1d1d:ad09 AAAA, cache flush fe80::3bf7:d323:3366:412 NSEC, cache flush 20.100.168.192.in-addr.arpa NSEC, cache flush 7.8.B.3.F.2.8.1.C.A.D.1.6.1.D.1.D.B.B.1.6.A.0.1.A.8.4.4.1.0.0.2.ip6.arpa NSEC, cache flush 9.0.D.A.D.1.D.1.A.4.8.6.F.D.9.D.D.B.B.1.6.A.0.1.A.8.4.4.1.0.0.2.ip6.arpa NSEC, cache flush 2.1.4.0.6.6.3.3.3.2.3.D.7.F.B.3.0.0.0.0.0.0.0.0.0.0.0.0.0.8.E.F.ip6.arpa NSEC, cache flush Android.local"
"6","0.713039","fe80::3bf7:d323:3366:412","ff02::fb","MDNS","526","Standard query response 0x0000 PTR, cache flush Android.local PTR, cache flush Android.local PTR, cache flush Android.local PTR, cache flush Android.local A, cache flush 192.168.100.20 AAAA, cache flush 2001:448a:10a6:1bbd:1d16:1dac:182f:3b87 AAAA, cache flush 2001:448a:10a6:1bbd:d9df:684a:1d1d:ad09 AAAA, cache flush fe80::3bf7:d323:3366:412 NSEC, cache flush 20.100.168.192.in-addr.arpa NSEC, cache flush 7.8.B.3.F.2.8.1.C.A.D.1.6.1.D.1.D.B.B.1.6.A.0.1.A.8.4.4.1.0.0.2.ip6.arpa NSEC, cache flush 9.0.D.A.D.1.D.1.A.4.8.6.F.D.9.D.D.B.B.1.6.A.0.1.A.8.4.4.1.0.0.2.ip6.arpa NSEC, cache flush 2.1.4.0.6.6.3.3.3.2.3.D.7.F.B.3.0.0.0.0.0.0.0.0.0.0.0.0.0.8.E.F.ip6.arpa NSEC, cache flush Android.local"
"7","1.007672","2001:448a:10a6:1bbd:7d6c:1346:54db:de34","ff02::1:ff00:1","ICMPv6","86","Neighbor Solicitation for fe80::1 from c8:3d:dc:d5:f9:84"
"8","1.057115","2001:448a:10a6:1bbd:90a7:13fd:2976:6b3c","ff02::1:ff00:1","ICMPv6","86","Neighbor Solicitation for fe80::1 from 8e:47:0b:a5:7c:e5"
"9","1.238552","192.168.100.66","239.255.255.250","SSDP","164","M-SEARCH * HTTP/1.1 "
"10","1.239077","192.168.100.66","239.255.255.250","SSDP","167","M-SEARCH * HTTP/1.1 "
"11","1.513141","2001:448a:10a6:1bbd:7d6c:1346:54db:de34","ff02::1:ff00:1","ICMPv6","86","Neighbor Solicitation for fe80::1 from c8:3d:dc:d5:f9:84"
"12","2.008769","2001:448a:10a6:1bbd:7d6c:1346:54db:de34","ff02::1:ff00:1","ICMPv6","86","Neighbor Solicitation for fe80::1 from c8:3d:dc:d5:f9:84"
"13","2.521214","2001:448a:10a6:1bbd:7d6c:1346:54db:de34","ff02::1:ff00:1","ICMPv6","86","Neighbor Solicitation for fe80::1 from c8:3d:dc:d5:f9:84"
"14","2.824341","192.168.100.33","239.255.255.250","SSDP","167","M-SEARCH * HTTP/1.1 "
"15","2.859896","192.168.100.23","35.186.224.47","TLSv1.2","97","Application Data"
"16","2.883395","35.186.224.47","192.168.100.23","TCP","54","443  >  64150 [ACK] Seq=1 Ack=44 Win=267 Len=0"
"17","2.940470","35.186.224.47","192.168.100.23","TLSv1.2","94","Application Data"
"18","2.988866","192.168.100.23","35.186.224.47","TCP","54","64150  >  443 [ACK] Seq=44 Ack=41 Win=258 Len=0"
"19","3.013604","2001:448a:10a6:1bbd:7d6c:1346:54db:de34","ff02::1:ff00:1","ICMPv6","86","Neighbor Solicitation for fe80::1 from c8:3d:dc:d5:f9:84"
"20","3.106795","192.168.100.23","142.251.10.188","TCP","55","58198  >  5228 [ACK] Seq=1 Ack=1 Win=256 Len=1"
"21","3.131014","192.168.100.33","239.255.255.250","SSDP","167","M-SEARCH * HTTP/1.1 "
"22","3.138357","142.251.10.188","192.168.100.23","TCP","66","5228  >  58198 [ACK] Seq=1 Ack=2 Win=265 Len=0 SLE=1 SRE=2"
"23","3.185070","192.168.100.33","224.0.0.251","MDNS","103","Standard query 0x0005 PTR _233637DE._sub._googlecast._tcp.local, ""QM"" question PTR _googlecast._tcp.local, ""QM"" question"
"24","3.409917","192.168.100.33","239.255.255.250","SSDP","167","M-SEARCH * HTTP/1.1 "
"25","3.498390","2001:448a:10a6:1bbd:7d6c:1346:54db:de34","ff02::1:ff00:1","ICMPv6","86","Neighbor Solicitation for fe80::1 from c8:3d:dc:d5:f9:84"
"26","3.847978","HuaweiTe_84:f8:c1","Broadcast","ARP","42","Who has 192.168.100.197? Tell 192.168.100.1"
"27","4.004391","2001:448a:10a6:1bbd:7d6c:1346:54db:de34","ff02::1:ff00:1","ICMPv6","86","Neighbor Solicitation for fe80::1 from c8:3d:dc:d5:f9:84"
"28","4.511639","2001:448a:10a6:1bbd:7d6c:1346:54db:de34","ff02::1:ff00:1","ICMPv6","86","Neighbor Solicitation for fe80::1 from c8:3d:dc:d5:f9:84"
"29","4.714057","192.168.100.20","224.0.0.251","MDNS","506","Standard query response 0x0000 PTR, cache flush Android.local PTR, cache flush Android.local PTR, cache flush Android.local PTR, cache flush Android.local A, cache flush 192.168.100.20 AAAA, cache flush 2001:448a:10a6:1bbd:1d16:1dac:182f:3b87 AAAA, cache flush 2001:448a:10a6:1bbd:d9df:684a:1d1d:ad09 AAAA, cache flush fe80::3bf7:d323:3366:412 NSEC, cache flush 20.100.168.192.in-addr.arpa NSEC, cache flush 7.8.B.3.F.2.8.1.C.A.D.1.6.1.D.1.D.B.B.1.6.A.0.1.A.8.4.4.1.0.0.2.ip6.arpa NSEC, cache flush 9.0.D.A.D.1.D.1.A.4.8.6.F.D.9.D.D.B.B.1.6.A.0.1.A.8.4.4.1.0.0.2.ip6.arpa NSEC, cache flush 2.1.4.0.6.6.3.3.3.2.3.D.7.F.B.3.0.0.0.0.0.0.0.0.0.0.0.0.0.8.E.F.ip6.arpa NSEC, cache flush Android.local"
"30","4.714057","fe80::3bf7:d323:3366:412","ff02::fb","MDNS","526","Standard query response 0x0000 PTR, cache flush Android.local PTR, cache flush Android.local PTR, cache flush Android.local PTR, cache flush Android.local A, cache flush 192.168.100.20 AAAA, cache flush 2001:448a:10a6:1bbd:1d16:1dac:182f:3b87 AAAA, cache flush 2001:448a:10a6:1bbd:d9df:684a:1d1d:ad09 AAAA, cache flush fe80::3bf7:d323:3366:412 NSEC, cache flush 20.100.168.192.in-addr.arpa NSEC, cache flush 7.8.B.3.F.2.8.1.C.A.D.1.6.1.D.1.D.B.B.1.6.A.0.1.A.8.4.4.1.0.0.2.ip6.arpa NSEC, cache flush 9.0.D.A.D.1.D.1.A.4.8.6.F.D.9.D.D.B.B.1.6.A.0.1.A.8.4.4.1.0.0.2.ip6.arpa NSEC, cache flush 2.1.4.0.6.6.3.3.3.2.3.D.7.F.B.3.0.0.0.0.0.0.0.0.0.0.0.0.0.8.E.F.ip6.arpa NSEC, cache flush Android.local"
"31","4.872084","HuaweiTe_84:f8:c1","Broadcast","ARP","42","Who has 192.168.100.197? Tell 192.168.100.1"
"32","4.997875","2001:448a:10a6:1bbd:7d6c:1346:54db:de34","ff02::1:ff00:1","ICMPv6","86","Neighbor Solicitation for fe80::1 from c8:3d:dc:d5:f9:84"
"33","5.149271","2001:448a:10a6:1bbd:90a7:13fd:2976:6b3c","ff02::1:ff00:1","ICMPv6","86","Neighbor Solicitation for fe80::1 from 8e:47:0b:a5:7c:e5"
"34","5.740636","2001:448a:10a6:1bbd:7d6c:1346:54db:de34","ff02::1:ff00:1","ICMPv6","86","Neighbor Solicitation for fe80::1 from c8:3d:dc:d5:f9:84"
"35","5.793775","HuaweiTe_84:f8:c1","Broadcast","ARP","42","Who has 192.168.100.197? Tell 192.168.100.1"
"36","5.856304","192.168.100.8","224.0.0.251","MDNS","103","Standard query 0x0037 PTR _233637DE._sub._googlecast._tcp.local, ""QM"" question PTR _googlecast._tcp.local, ""QM"" question"
"37","5.920254","2001:448a:10a6:1bbd:90a7:13fd:2976:6b3c","ff02::1:ff00:1","ICMPv6","86","Neighbor Solicitation for fe80::1 from 8e:47:0b:a5:7c:e5"
"38","6.237533","2001:448a:10a6:1bbd:7d6c:1346:54db:de34","ff02::1:ff00:1","ICMPv6","86","Neighbor Solicitation for fe80::1 from c8:3d:dc:d5:f9:84"
"39","6.691930","2001:448a:10a6:1bbd:90a7:13fd:2976:6b3c","ff02::1:ff00:1","ICMPv6","86","Neighbor Solicitation for fe80::1 from 8e:47:0b:a5:7c:e5"
"40","6.747502","2001:448a:10a6:1bbd:7d6c:1346:54db:de34","ff02::1:ff00:1","ICMPv6","86","Neighbor Solicitation for fe80::1 from c8:3d:dc:d5:f9:84"
"41","6.817637","192.168.100.131","239.255.255.250","SSDP","167","M-SEARCH * HTTP/1.1 "
"42","7.022357","HuaweiTe_84:f8:c1","Broadcast","ARP","42","Who has 192.168.100.197? Tell 192.168.100.1"
"43","8.047966","HuaweiTe_84:f8:c1","Broadcast","ARP","42","Who has 192.168.100.197? Tell 192.168.100.1"
"44","8.263350","192.168.100.8","224.0.0.22","IGMPv3","54","Membership Report / Leave group 224.0.0.251"
"45","8.664647","192.168.100.8","224.0.0.22","IGMPv3","54","Membership Report / Leave group 224.0.0.251"
"46","8.786830","192.168.100.23","36.92.238.204","TCP","55","54056  >  443 [ACK] Seq=1 Ack=1 Win=259 Len=1 [TCP segment of a reassembled PDU]"
"47","8.791443","36.92.238.204","192.168.100.23","TCP","54","443  >  54056 [RST] Seq=1 Win=0 Len=0"
"48","9.072820","HuaweiTe_84:f8:c1","Broadcast","ARP","42","Who has 192.168.100.197? Tell 192.168.100.1"
"49","9.582741","SamsungE_03:1b:2c","Broadcast","ARP","42","Who has 192.168.100.1? Tell 192.168.100.24"
"50","9.725975","192.168.100.23","31.13.68.60","TLSv1.2","180","Application Data"
"51","9.751356","31.13.68.60","192.168.100.23","TCP","56","443  >  58199 [ACK] Seq=1 Ack=127 Win=432 Len=0"
"52","10.196913","HuaweiTe_84:f8:c1","Broadcast","ARP","42","Who has 192.168.100.197? Tell 192.168.100.1"
"53","10.262811","2001:448a:10a6:1bbd:7d6c:1346:54db:de34","ff02::1:ff00:1","ICMPv6","86","Neighbor Solicitation for fe80::1 from c8:3d:dc:d5:f9:84"
"54","10.368720","2001:448a:10a6:1bbd:90a7:13fd:2976:6b3c","ff02::1:ff00:1","ICMPv6","86","Neighbor Solicitation for fe80::1 from 8e:47:0b:a5:7c:e5"
"55","10.763637","2001:448a:10a6:1bbd:7d6c:1346:54db:de34","ff02::1:ff00:1","ICMPv6","86","Neighbor Solicitation for fe80::1 from c8:3d:dc:d5:f9:84"
"56","11.119749","HuaweiTe_84:f8:c1","Broadcast","ARP","42","Who has 192.168.100.197? Tell 192.168.100.1"
"57","11.180396","2001:448a:10a6:1bbd:90a7:13fd:2976:6b3c","ff02::1:ff00:1","ICMPv6","86","Neighbor Solicitation for fe80::1 from 8e:47:0b:a5:7c:e5"
"58","11.933138","2001:448a:10a6:1bbd:90a7:13fd:2976:6b3c","ff02::1:ff00:1","ICMPv6","86","Neighbor Solicitation for fe80::1 from 8e:47:0b:a5:7c:e5"
"59","12.142496","HuaweiTe_84:f8:c1","Broadcast","ARP","42","Who has 192.168.100.197? Tell 192.168.100.1"
"60","12.776892","192.168.100.20","224.0.0.251","MDNS","506","Standard query response 0x0000 PTR, cache flush Android.local PTR, cache flush Android.local PTR, cache flush Android.local PTR, cache flush Android.local A, cache flush 192.168.100.20 AAAA, cache flush 2001:448a:10a6:1bbd:1d16:1dac:182f:3b87 AAAA, cache flush 2001:448a:10a6:1bbd:d9df:684a:1d1d:ad09 AAAA, cache flush fe80::3bf7:d323:3366:412 NSEC, cache flush 20.100.168.192.in-addr.arpa NSEC, cache flush 7.8.B.3.F.2.8.1.C.A.D.1.6.1.D.1.D.B.B.1.6.A.0.1.A.8.4.4.1.0.0.2.ip6.arpa NSEC, cache flush 9.0.D.A.D.1.D.1.A.4.8.6.F.D.9.D.D.B.B.1.6.A.0.1.A.8.4.4.1.0.0.2.ip6.arpa NSEC, cache flush 2.1.4.0.6.6.3.3.3.2.3.D.7.F.B.3.0.0.0.0.0.0.0.0.0.0.0.0.0.8.E.F.ip6.arpa NSEC, cache flush Android.local"
"61","12.776892","fe80::3bf7:d323:3366:412","ff02::fb","MDNS","526","Standard query response 0x0000 PTR, cache flush Android.local PTR, cache flush Android.local PTR, cache flush Android.local PTR, cache flush Android.local A, cache flush 192.168.100.20 AAAA, cache flush 2001:448a:10a6:1bbd:1d16:1dac:182f:3b87 AAAA, cache flush 2001:448a:10a6:1bbd:d9df:684a:1d1d:ad09 AAAA, cache flush fe80::3bf7:d323:3366:412 NSEC, cache flush 20.100.168.192.in-addr.arpa NSEC, cache flush 7.8.B.3.F.2.8.1.C.A.D.1.6.1.D.1.D.B.B.1.6.A.0.1.A.8.4.4.1.0.0.2.ip6.arpa NSEC, cache flush 9.0.D.A.D.1.D.1.A.4.8.6.F.D.9.D.D.B.B.1.6.A.0.1.A.8.4.4.1.0.0.2.ip6.arpa NSEC, cache flush 2.1.4.0.6.6.3.3.3.2.3.D.7.F.B.3.0.0.0.0.0.0.0.0.0.0.0.0.0.8.E.F.ip6.arpa NSEC, cache flush Android.local"
"62","12.849591","2001:448a:10a6:1bbd:90a7:13fd:2976:6b3c","ff02::1:ff00:1","ICMPv6","86","Neighbor Solicitation for fe80::1 from 8e:47:0b:a5:7c:e5"
"63","12.858902","192.168.100.33","239.255.255.250","SSDP","167","M-SEARCH * HTTP/1.1 "
"64","13.166829","192.168.100.33","239.255.255.250","SSDP","167","M-SEARCH * HTTP/1.1 "
"65","13.473994","192.168.100.33","239.255.255.250","SSDP","167","M-SEARCH * HTTP/1.1 "
"66","13.636514","2001:448a:10a6:1bbd:90a7:13fd:2976:6b3c","ff02::1:ff00:1","ICMPv6","86","Neighbor Solicitation for fe80::1 from 8e:47:0b:a5:7c:e5"
"67","14.130204","192.168.100.23","162.159.133.234","TLSv1.2","108","Application Data"
"68","14.170779","162.159.133.234","192.168.100.23","TCP","54","443  >  54051 [ACK] Seq=1 Ack=55 Win=74 Len=0"
"69","14.402325","2001:448a:10a6:1bbd:90a7:13fd:2976:6b3c","ff02::1:ff00:1","ICMPv6","86","Neighbor Solicitation for fe80::1 from 8e:47:0b:a5:7c:e5"
"70","14.476950","162.159.133.234","192.168.100.23","TLSv1.2","86","Application Data"
"71","14.529924","192.168.100.23","162.159.133.234","TCP","54","54051  >  443 [ACK] Seq=55 Ack=33 Win=252 Len=0"
"72","15.318985","2001:448a:10a6:1bbd:90a7:13fd:2976:6b3c","ff02::1:ff00:1","ICMPv6","86","Neighbor Solicitation for fe80::1 from 8e:47:0b:a5:7c:e5"
"73","15.838614","2001:448a:10a6:1bbd:7d6c:1346:54db:de34","ff02::1:ff00:1","ICMPv6","86","Neighbor Solicitation for fe80::1 from c8:3d:dc:d5:f9:84"
"74","16.034500","2001:448a:10a6:1bbd:90a7:13fd:2976:6b3c","ff02::1:ff00:1","ICMPv6","86","Neighbor Solicitation for fe80::1 from 8e:47:0b:a5:7c:e5"
"75","16.238267","192.168.100.131","239.255.255.250","SSDP","167","M-SEARCH * HTTP/1.1 "
"76","16.348421","2001:448a:10a6:1bbd:7d6c:1346:54db:de34","ff02::1:ff00:1","ICMPv6","86","Neighbor Solicitation for fe80::1 from c8:3d:dc:d5:f9:84"
"77","16.546251","HuaweiTe_84:f8:c1","Broadcast","ARP","42","Who has 192.168.100.197? Tell 192.168.100.1"
"78","16.547687","192.168.100.131","239.255.255.250","SSDP","167","M-SEARCH * HTTP/1.1 "
"79","16.845591","2001:448a:10a6:1bbd:90a7:13fd:2976:6b3c","ff02::1:ff00:1","ICMPv6","86","Neighbor Solicitation for fe80::1 from 8e:47:0b:a5:7c:e5"
"80","16.881109","2001:448a:10a6:1bbd:7d6c:1346:54db:de34","ff02::1:ff00:1","ICMPv6","86","Neighbor Solicitation for fe80::1 from c8:3d:dc:d5:f9:84"
"81","16.933658","192.168.100.23","239.255.255.250","SSDP","215","M-SEARCH * HTTP/1.1 "
"82","17.569887","HuaweiTe_84:f8:c1","Broadcast","ARP","42","Who has 192.168.100.197? Tell 192.168.100.1"
"83","17.940263","192.168.100.23","239.255.255.250","SSDP","215","M-SEARCH * HTTP/1.1 "
"84","17.981167","2001:448a:10a6:1bbd:7d6c:1346:54db:de34","ff02::1:ff00:1","ICMPv6","86","Neighbor Solicitation for fe80::1 from c8:3d:dc:d5:f9:84"
"85","18.200549","192.168.100.131","224.0.0.251","MDNS","103","Standard query 0x0061 PTR _233637DE._sub._googlecast._tcp.local, ""QM"" question PTR _googlecast._tcp.local, ""QM"" question"
"86","18.286549","192.168.100.66","239.255.255.250","SSDP","164","M-SEARCH * HTTP/1.1 "
"87","18.286549","192.168.100.66","239.255.255.250","SSDP","167","M-SEARCH * HTTP/1.1 "
"88","18.478901","2001:448a:10a6:1bbd:7d6c:1346:54db:de34","ff02::1:ff00:1","ICMPv6","86","Neighbor Solicitation for fe80::1 from c8:3d:dc:d5:f9:84"
"89","18.503548","2001:448a:10a6:1bbd:90a7:13fd:2976:6b3c","ff02::1:ff00:1","ICMPv6","86","Neighbor Solicitation for fe80::1 from 8e:47:0b:a5:7c:e5"
"90","18.593898","HuaweiTe_84:f8:c1","Broadcast","ARP","42","Who has 192.168.100.197? Tell 192.168.100.1"
"91","18.948235","192.168.100.23","239.255.255.250","SSDP","215","M-SEARCH * HTTP/1.1 "
"92","18.968163","2001:448a:10a6:1bbd:7d6c:1346:54db:de34","ff02::1:ff00:1","ICMPv6","86","Neighbor Solicitation for fe80::1 from c8:3d:dc:d5:f9:84"
"93","19.264905","2001:448a:10a6:1bbd:90a7:13fd:2976:6b3c","ff02::1:ff00:1","ICMPv6","86","Neighbor Solicitation for fe80::1 from 8e:47:0b:a5:7c:e5"
"94","19.618435","HuaweiTe_84:f8:c1","Broadcast","ARP","42","Who has 192.168.100.197? Tell 192.168.100.1"
"95","19.956109","192.168.100.23","239.255.255.250","SSDP","215","M-SEARCH * HTTP/1.1 "
"96","20.034991","2001:448a:10a6:1bbd:90a7:13fd:2976:6b3c","ff02::1:ff00:1","ICMPv6","86","Neighbor Solicitation for fe80::1 from 8e:47:0b:a5:7c:e5"
"97","20.124590","2001:448a:10a6:1bbd:7d6c:1346:54db:de34","ff02::1:ff00:1","ICMPv6","86","Neighbor Solicitation for fe80::1 from c8:3d:dc:d5:f9:84"
"98","20.232166","192.168.100.66","239.255.255.250","SSDP","167","M-SEARCH * HTTP/1.1 "
"99","20.232804","192.168.100.66","239.255.255.250","SSDP","164","M-SEARCH * HTTP/1.1 "
"100","20.634055","2001:448a:10a6:1bbd:7d6c:1346:54db:de34","ff02::1:ff00:1","ICMPv6","86","Neighbor Solicitation for fe80::1 from c8:3d:dc:d5:f9:84"
"101","20.642008","HuaweiTe_84:f8:c1","Broadcast","ARP","42","Who has 192.168.100.197? Tell 192.168.100.1"
"102","20.805380","2001:448a:10a6:1bbd:90a7:13fd:2976:6b3c","ff02::1:ff00:1","ICMPv6","86","Neighbor Solicitation for fe80::1 from 8e:47:0b:a5:7c:e5"
"103","21.118852","2001:448a:10a6:1bbd:7d6c:1346:54db:de34","ff02::1:ff00:1","ICMPv6","86","Neighbor Solicitation for fe80::1 from c8:3d:dc:d5:f9:84"
"104","21.676316","HuaweiTe_84:f8:c1","Broadcast","ARP","42","Who has 192.168.100.197? Tell 192.168.100.1"
"105","22.113455","2001:448a:10a6:1bbd:7d6c:1346:54db:de34","ff02::1:ff00:1","ICMPv6","86","Neighbor Solicitation for fe80::1 from c8:3d:dc:d5:f9:84"
"106","22.337336","2001:448a:10a6:1bbd:90a7:13fd:2976:6b3c","ff02::1:ff00:1","ICMPv6","86","Neighbor Solicitation for fe80::1 from 8e:47:0b:a5:7c:e5"
"107","22.538980","192.168.100.23","142.251.10.105","QUIC","1292","Initial, DCID=da8f4f021bc69ec7, PKN: 1, CRYPTO, PING, PADDING, CRYPTO, CRYPTO, CRYPTO, CRYPTO, PADDING, PING, CRYPTO, PADDING, CRYPTO, PING, PADDING, CRYPTO, PADDING, CRYPTO, PADDING, CRYPTO"
"108","22.541089","192.168.100.23","142.251.10.105","QUIC","117","0-RTT, DCID=da8f4f021bc69ec7"
"109","22.548181","192.168.100.23","142.251.10.105","QUIC","1292","Initial, DCID=46c411f15e2991f1, PKN: 1, PADDING, PING, PADDING, CRYPTO, PADDING, CRYPTO, PING, PING, CRYPTO, CRYPTO, CRYPTO, CRYPTO, PADDING, CRYPTO, CRYPTO, PING, PING, PING"
"110","22.551148","192.168.100.23","142.251.10.105","QUIC","121","0-RTT, DCID=46c411f15e2991f1"
"111","22.594594","142.251.10.105","192.168.100.23","QUIC","1292","Protected Payload (KP0)"
"112","22.594594","142.251.10.105","192.168.100.23","QUIC","664","Protected Payload (KP0)"
"113","22.596492","142.251.10.105","192.168.100.23","QUIC","1292","Protected Payload (KP0)"
"114","22.596868","142.251.10.105","192.168.100.23","QUIC","664","Protected Payload (KP0)"
"115","22.598267","2001:448a:10a6:1bbd:7d6c:1346:54db:de34","ff02::1:ff00:1","ICMPv6","86","Neighbor Solicitation for fe80::1 from c8:3d:dc:d5:f9:84"
"116","22.601191","192.168.100.23","142.251.10.105","QUIC","1292","Handshake, DCID=da8f4f021bc69ec7"
"117","22.601809","192.168.100.23","142.251.10.105","QUIC","115","Handshake, DCID=da8f4f021bc69ec7"
"118","22.603559","192.168.100.23","142.251.10.105","QUIC","75","Protected Payload (KP0), DCID=da8f4f021bc69ec7"
"119","22.608708","192.168.100.23","142.251.10.105","QUIC","1292","Handshake, DCID=46c411f15e2991f1"
"120","22.609269","192.168.100.23","142.251.10.105","QUIC","115","Handshake, DCID=46c411f15e2991f1"
"121","22.611016","192.168.100.23","142.251.10.105","QUIC","75","Protected Payload (KP0), DCID=46c411f15e2991f1"
"122","22.633816","142.251.10.105","192.168.100.23","QUIC","68","Protected Payload (KP0)"
"123","22.633816","142.251.10.105","192.168.100.23","QUIC","68","Protected Payload (KP0)"
"124","22.635207","142.251.10.105","192.168.100.23","QUIC","134","Protected Payload (KP0)"
"125","22.639095","142.251.10.105","192.168.100.23","QUIC","134","Protected Payload (KP0)"
"126","22.666508","192.168.100.23","142.251.10.105","QUIC","75","Protected Payload (KP0), DCID=da8f4f021bc69ec7"
"127","22.668255","192.168.100.23","142.251.10.105","QUIC","75","Protected Payload (KP0), DCID=46c411f15e2991f1"
"128","22.894862","192.168.100.33","239.255.255.250","SSDP","167","M-SEARCH * HTTP/1.1 "
"129","23.115269","2001:448a:10a6:1bbd:7d6c:1346:54db:de34","ff02::1:ff00:1","ICMPv6","86","Neighbor Solicitation for fe80::1 from c8:3d:dc:d5:f9:84"
"130","23.189912","192.168.100.33","224.0.0.251","MDNS","103","Standard query 0x0006 PTR _233637DE._sub._googlecast._tcp.local, ""QM"" question PTR _googlecast._tcp.local, ""QM"" question"
"131","23.509381","192.168.100.33","239.255.255.250","SSDP","167","M-SEARCH * HTTP/1.1 "
"132","24.105839","2001:448a:10a6:1bbd:7d6c:1346:54db:de34","ff02::1:ff00:1","ICMPv6","86","Neighbor Solicitation for fe80::1 from c8:3d:dc:d5:f9:84"
"133","24.548832","2001:448a:10a6:1bbd:90a7:13fd:2976:6b3c","ff02::1:ff00:1","ICMPv6","86","Neighbor Solicitation for fe80::1 from 8e:47:0b:a5:7c:e5"
"134","24.588421","2001:448a:10a6:1bbd:7d6c:1346:54db:de34","ff02::1:ff00:1","ICMPv6","86","Neighbor Solicitation for fe80::1 from c8:3d:dc:d5:f9:84"
"135","24.840316","HuaweiTe_84:f8:c1","Broadcast","ARP","42","Who has 192.168.100.197? Tell 192.168.100.1"
"136","25.103142","2001:448a:10a6:1bbd:7d6c:1346:54db:de34","ff02::1:ff00:1","ICMPv6","86","Neighbor Solicitation for fe80::1 from c8:3d:dc:d5:f9:84"
"137","25.313293","2001:448a:10a6:1bbd:90a7:13fd:2976:6b3c","ff02::1:ff00:1","ICMPv6","86","Neighbor Solicitation for fe80::1 from 8e:47:0b:a5:7c:e5"
"138","26.084606","2001:448a:10a6:1bbd:90a7:13fd:2976:6b3c","ff02::1:ff00:1","ICMPv6","86","Neighbor Solicitation for fe80::1 from 8e:47:0b:a5:7c:e5"
"139","26.279493","192.168.100.131","239.255.255.250","SSDP","167","M-SEARCH * HTTP/1.1 "
"140","26.333726","2001:448a:10a6:1bbd:7d6c:1346:54db:de34","ff02::1:ff00:1","ICMPv6","86","Neighbor Solicitation for fe80::1 from c8:3d:dc:d5:f9:84"
"141","26.428779","fe80::1","ff02::1:ffbb:e37f","ICMPv6","86","Neighbor Solicitation for 2001:448a:10a6:1bbd:c94d:3cb8:5ebb:e37f from 2c:55:d3:84:f8:c1"
"142","26.478821","192.168.100.131","239.255.255.250","SSDP","167","M-SEARCH * HTTP/1.1 "
"143","26.808886","2001:448a:10a6:1bbd:7d6c:1346:54db:de34","ff02::1:ff00:1","ICMPv6","86","Neighbor Solicitation for fe80::1 from c8:3d:dc:d5:f9:84"
"144","26.888619","192.168.100.131","239.255.255.250","SSDP","167","M-SEARCH * HTTP/1.1 "
"145","26.991868","HuaweiTe_84:f8:c1","Broadcast","ARP","42","Who has 192.168.100.197? Tell 192.168.100.1"
"146","27.308552","2001:448a:10a6:1bbd:7d6c:1346:54db:de34","ff02::1:ff00:1","ICMPv6","86","Neighbor Solicitation for fe80::1 from c8:3d:dc:d5:f9:84"
"147","27.430577","fe80::1","ff02::1:ffbb:e37f","ICMPv6","86","Neighbor Solicitation for 2001:448a:10a6:1bbd:c94d:3cb8:5ebb:e37f from 2c:55:d3:84:f8:c1"
"148","28.015350","HuaweiTe_84:f8:c1","Broadcast","ARP","42","Who has 192.168.100.197? Tell 192.168.100.1"
"149","28.130655","2001:448a:10a6:1bbd:7d6c:1346:54db:de34","ff02::1:ff00:1","ICMPv6","86","Neighbor Solicitation for fe80::1 from c8:3d:dc:d5:f9:84"
"150","28.436493","fe80::1","ff02::1:ffbb:e37f","ICMPv6","86","Neighbor Solicitation for 2001:448a:10a6:1bbd:c94d:3cb8:5ebb:e37f from 2c:55:d3:84:f8:c1"
"151","28.643493","2001:448a:10a6:1bbd:7d6c:1346:54db:de34","ff02::1:ff00:1","ICMPv6","86","Neighbor Solicitation for fe80::1 from c8:3d:dc:d5:f9:84"
"152","28.795508","192.168.100.20","224.0.0.251","MDNS","506","Standard query response 0x0000 PTR, cache flush Android.local PTR, cache flush Android.local PTR, cache flush Android.local PTR, cache flush Android.local A, cache flush 192.168.100.20 AAAA, cache flush 2001:448a:10a6:1bbd:1d16:1dac:182f:3b87 AAAA, cache flush 2001:448a:10a6:1bbd:d9df:684a:1d1d:ad09 AAAA, cache flush fe80::3bf7:d323:3366:412 NSEC, cache flush 20.100.168.192.in-addr.arpa NSEC, cache flush 7.8.B.3.F.2.8.1.C.A.D.1.6.1.D.1.D.B.B.1.6.A.0.1.A.8.4.4.1.0.0.2.ip6.arpa NSEC, cache flush 9.0.D.A.D.1.D.1.A.4.8.6.F.D.9.D.D.B.B.1.6.A.0.1.A.8.4.4.1.0.0.2.ip6.arpa NSEC, cache flush 2.1.4.0.6.6.3.3.3.2.3.D.7.F.B.3.0.0.0.0.0.0.0.0.0.0.0.0.0.8.E.F.ip6.arpa NSEC, cache flush Android.local"
"153","28.795508","fe80::3bf7:d323:3366:412","ff02::fb","MDNS","526","Standard query response 0x0000 PTR, cache flush Android.local PTR, cache flush Android.local PTR, cache flush Android.local PTR, cache flush Android.local A, cache flush 192.168.100.20 AAAA, cache flush 2001:448a:10a6:1bbd:1d16:1dac:182f:3b87 AAAA, cache flush 2001:448a:10a6:1bbd:d9df:684a:1d1d:ad09 AAAA, cache flush fe80::3bf7:d323:3366:412 NSEC, cache flush 20.100.168.192.in-addr.arpa NSEC, cache flush 7.8.B.3.F.2.8.1.C.A.D.1.6.1.D.1.D.B.B.1.6.A.0.1.A.8.4.4.1.0.0.2.ip6.arpa NSEC, cache flush 9.0.D.A.D.1.D.1.A.4.8.6.F.D.9.D.D.B.B.1.6.A.0.1.A.8.4.4.1.0.0.2.ip6.arpa NSEC, cache flush 2.1.4.0.6.6.3.3.3.2.3.D.7.F.B.3.0.0.0.0.0.0.0.0.0.0.0.0.0.8.E.F.ip6.arpa NSEC, cache flush Android.local"
"154","29.128660","2001:448a:10a6:1bbd:7d6c:1346:54db:de34","ff02::1:ff00:1","ICMPv6","86","Neighbor Solicitation for fe80::1 from c8:3d:dc:d5:f9:84"
"155","29.138488","HuaweiTe_84:f8:c1","Broadcast","ARP","42","Who has 192.168.100.197? Tell 192.168.100.1"
"156","30.166019","HuaweiTe_84:f8:c1","Broadcast","ARP","42","Who has 192.168.100.197? Tell 192.168.100.1"
"157","30.831352","2001:448a:10a6:1bbd:90a7:13fd:2976:6b3c","ff02::1:ff00:1","ICMPv6","86","Neighbor Solicitation for fe80::1 from 8e:47:0b:a5:7c:e5"
"158","31.189318","HuaweiTe_84:f8:c1","Broadcast","ARP","42","Who has 192.168.100.197? Tell 192.168.100.1"
"159","31.276829","2001:448a:10a6:1bbd:7d6c:1346:54db:de34","ff02::1:ff00:1","ICMPv6","86","Neighbor Solicitation for fe80::1 from c8:3d:dc:d5:f9:84"
"160","31.584695","2001:448a:10a6:1bbd:90a7:13fd:2976:6b3c","ff02::1:ff00:1","ICMPv6","86","Neighbor Solicitation for fe80::1 from 8e:47:0b:a5:7c:e5"
"161","31.768116","2001:448a:10a6:1bbd:7d6c:1346:54db:de34","ff02::1:ff00:1","ICMPv6","86","Neighbor Solicitation for fe80::1 from c8:3d:dc:d5:f9:84"
"162","32.268589","2001:448a:10a6:1bbd:7d6c:1346:54db:de34","ff02::1:ff00:1","ICMPv6","86","Neighbor Solicitation for fe80::1 from c8:3d:dc:d5:f9:84"
"163","32.353084","2001:448a:10a6:1bbd:90a7:13fd:2976:6b3c","ff02::1:ff00:1","ICMPv6","86","Neighbor Solicitation for fe80::1 from 8e:47:0b:a5:7c:e5"
"164","32.773385","2001:448a:10a6:1bbd:7d6c:1346:54db:de34","ff02::1:ff00:1","ICMPv6","86","Neighbor Solicitation for fe80::1 from c8:3d:dc:d5:f9:84"
"165","32.857158","192.168.100.23","35.186.224.47","TLSv1.2","97","Application Data"
"166","32.880836","35.186.224.47","192.168.100.23","TCP","54","443  >  64150 [ACK] Seq=41 Ack=87 Win=267 Len=0"
"167","32.930314","192.168.100.33","239.255.255.250","SSDP","167","M-SEARCH * HTTP/1.1 "
"168","32.939869","35.186.224.47","192.168.100.23","TLSv1.2","94","Application Data"
"169","32.991508","192.168.100.23","35.186.224.47","TCP","54","64150  >  443 [ACK] Seq=87 Ack=81 Win=258 Len=0"
"170","33.135265","192.168.100.33","239.255.255.250","SSDP","167","M-SEARCH * HTTP/1.1 "
"171","33.250906","HuaweiTe_84:f8:c1","Broadcast","ARP","42","Who has 192.168.100.197? Tell 192.168.100.1"
"172","33.263943","2001:448a:10a6:1bbd:90a7:13fd:2976:6b3c","ff02::1:ff00:1","ICMPv6","86","Neighbor Solicitation for fe80::1 from 8e:47:0b:a5:7c:e5"
"173","33.273524","2001:448a:10a6:1bbd:7d6c:1346:54db:de34","ff02::1:ff00:1","ICMPv6","86","Neighbor Solicitation for fe80::1 from c8:3d:dc:d5:f9:84"
"174","34.032021","2001:448a:10a6:1bbd:90a7:13fd:2976:6b3c","ff02::1:ff00:1","ICMPv6","86","Neighbor Solicitation for fe80::1 from 8e:47:0b:a5:7c:e5"
"175","34.215182","2001:448a:10a6:1bbd:7d6c:1346:54db:de34","ff02::1:ff00:1","ICMPv6","86","Neighbor Solicitation for fe80::1 from c8:3d:dc:d5:f9:84"
"176","34.466593","192.168.100.13","239.255.255.250","SSDP","167","M-SEARCH * HTTP/1.1 "
"177","34.504561","192.168.100.23","172.217.194.119","TCP","55","54052  >  443 [ACK] Seq=1 Ack=1 Win=259 Len=1 [TCP segment of a reassembled PDU]"
"178","34.541002","172.217.194.119","192.168.100.23","TCP","66","443  >  54052 [ACK] Seq=1 Ack=2 Win=292 Len=0 SLE=1 SRE=2"
"179","34.772912","192.168.100.13","239.255.255.250","SSDP","167","M-SEARCH * HTTP/1.1 "
"180","34.784960","2001:448a:10a6:1bbd:90a7:13fd:2976:6b3c","ff02::1:ff00:1","ICMPv6","86","Neighbor Solicitation for fe80::1 from 8e:47:0b:a5:7c:e5"
"181","34.977921","192.168.100.13","239.255.255.250","SSDP","167","M-SEARCH * HTTP/1.1 "
"182","35.331913","2001:448a:10a6:1bbd:7d6c:1346:54db:de34","ff02::1:ff00:1","ICMPv6","86","Neighbor Solicitation for fe80::1 from c8:3d:dc:d5:f9:84"
"183","35.387826","192.168.100.11","239.255.255.250","SSDP","215","M-SEARCH * HTTP/1.1 "
"184","35.491108","HuaweiTe_84:f8:c1","Broadcast","ARP","42","Who has 192.168.100.197? Tell 192.168.100.1"
"185","35.819894","2001:448a:10a6:1bbd:7d6c:1346:54db:de34","ff02::1:ff00:1","ICMPv6","86","Neighbor Solicitation for fe80::1 from c8:3d:dc:d5:f9:84"
"186","36.207313","192.168.100.131","239.255.255.250","SSDP","167","M-SEARCH * HTTP/1.1 "
"187","36.319404","2001:448a:10a6:1bbd:7d6c:1346:54db:de34","ff02::1:ff00:1","ICMPv6","86","Neighbor Solicitation for fe80::1 from c8:3d:dc:d5:f9:84"
"188","36.362122","192.168.100.13","224.0.0.251","MDNS","103","Standard query 0x0001 PTR _233637DE._sub._googlecast._tcp.local, ""QU"" question PTR _googlecast._tcp.local, ""QU"" question"
"189","36.365587","192.168.100.13","224.0.0.251","MDNS","103","Standard query 0x0001 PTR _233637DE._sub._googlecast._tcp.local, ""QU"" question PTR _googlecast._tcp.local, ""QU"" question"
"190","36.367037","192.168.100.13","224.0.0.22","IGMPv3","54","Membership Report / Join group 224.0.0.251 for any sources"
"191","36.411747","192.168.100.11","239.255.255.250","SSDP","215","M-SEARCH * HTTP/1.1 "
"192","36.514423","HuaweiTe_84:f8:c1","Broadcast","ARP","42","Who has 192.168.100.197? Tell 192.168.100.1"
"193","36.514549","192.168.100.131","239.255.255.250","SSDP","167","M-SEARCH * HTTP/1.1 "
"194","36.564161","2001:448a:10a6:1bbd:90a7:13fd:2976:6b3c","ff02::1:ff00:1","ICMPv6","86","Neighbor Solicitation for fe80::1 from 8e:47:0b:a5:7c:e5"
"195","36.763414","192.168.100.131","239.255.255.250","SSDP","167","M-SEARCH * HTTP/1.1 "
"196","36.962456","192.168.100.13","224.0.0.22","IGMPv3","54","Membership Report / Join group 224.0.0.251 for any sources"
"197","37.298008","2001:448a:10a6:1bbd:7d6c:1346:54db:de34","ff02::1:ff00:1","ICMPv6","86","Neighbor Solicitation for fe80::1 from c8:3d:dc:d5:f9:84"
"198","37.333231","fe80::1","ff02::c","SSDP","188","M-SEARCH * HTTP/1.1 "
"199","37.345042","2001:448a:10a6:1bbd:90a7:13fd:2976:6b3c","ff02::1:ff00:1","ICMPv6","86","Neighbor Solicitation for fe80::1 from 8e:47:0b:a5:7c:e5"
"200","37.364832","192.168.100.13","224.0.0.251","MDNS","103","Standard query 0x0002 PTR _233637DE._sub._googlecast._tcp.local, ""QM"" question PTR _googlecast._tcp.local, ""QM"" question"
"201","37.435520","192.168.100.11","239.255.255.250","SSDP","215","M-SEARCH * HTTP/1.1 "
"202","37.538275","HuaweiTe_84:f8:c1","Broadcast","ARP","42","Who has 192.168.100.197? Tell 192.168.100.1"
"203","37.640771","fe80::1","ff02::c","SSDP","188","M-SEARCH * HTTP/1.1 "
"204","37.832660","2001:448a:10a6:1bbd:7d6c:1346:54db:de34","ff02::1:ff00:1","ICMPv6","86","Neighbor Solicitation for fe80::1 from c8:3d:dc:d5:f9:84"
"205","38.115066","2001:448a:10a6:1bbd:90a7:13fd:2976:6b3c","ff02::1:ff00:1","ICMPv6","86","Neighbor Solicitation for fe80::1 from 8e:47:0b:a5:7c:e5"
"206","38.326013","2001:448a:10a6:1bbd:7d6c:1346:54db:de34","ff02::1:ff00:1","ICMPv6","86","Neighbor Solicitation for fe80::1 from c8:3d:dc:d5:f9:84"
"207","38.767571","HuaweiTe_84:f8:c1","Broadcast","ARP","42","Who has 192.168.100.197? Tell 192.168.100.1"
"208","38.793014","2001:448a:10a6:1bbd:7d6c:1346:54db:de34","ff02::1:ff00:1","ICMPv6","86","Neighbor Solicitation for fe80::1 from c8:3d:dc:d5:f9:84"
"209","38.971934","fe80::1","ff02::c","SSDP","189","M-SEARCH * HTTP/1.1 "
"210","39.282284","fe80::1","ff02::c","SSDP","189","M-SEARCH * HTTP/1.1 "
"211","39.323149","2001:448a:10a6:1bbd:7d6c:1346:54db:de34","ff02::1:ff00:1","ICMPv6","86","Neighbor Solicitation for fe80::1 from c8:3d:dc:d5:f9:84"
"212","39.381899","192.168.100.66","239.255.255.250","SSDP","167","M-SEARCH * HTTP/1.1 "
"213","39.689063","HuaweiTe_84:f8:c1","Broadcast","ARP","42","Who has 192.168.100.197? Tell 192.168.100.1"
"214","39.689311","192.168.100.1","239.255.255.250","SSDP","175","M-SEARCH * HTTP/1.1 "
"215","39.791232","2001:448a:10a6:1bbd:7d6c:1346:54db:de34","ff02::1:ff00:1","ICMPv6","86","Neighbor Solicitation for fe80::1 from c8:3d:dc:d5:f9:84"
"216","39.893771","SamsungE_03:1b:2c","Broadcast","ARP","42","Who has 192.168.100.1? Tell 192.168.100.24"
"217","40.408808","fe80::a11:8672:1e9d:c450","ff02::1:ff00:1","ICMPv6","86","Neighbor Solicitation for fe80::1 from 8c:d9:d6:fe:f0:a6"
"218","40.564462","2001:448a:10a6:1bbd:90a7:13fd:2976:6b3c","ff02::1:ff00:1","ICMPv6","86","Neighbor Solicitation for fe80::1 from 8e:47:0b:a5:7c:e5"
"219","41.140769","2001:448a:10a6:1bbd:7d6c:1346:54db:de34","ff02::1:ff00:1","ICMPv6","86","Neighbor Solicitation for fe80::1 from c8:3d:dc:d5:f9:84"
"220","41.327409","192.168.100.66","239.255.255.250","SSDP","164","M-SEARCH * HTTP/1.1 "
"221","41.346168","2001:448a:10a6:1bbd:90a7:13fd:2976:6b3c","ff02::1:ff00:1","ICMPv6","86","Neighbor Solicitation for fe80::1 from 8e:47:0b:a5:7c:e5"
"222","41.653449","2001:448a:10a6:1bbd:7d6c:1346:54db:de34","ff02::1:ff00:1","ICMPv6","86","Neighbor Solicitation for fe80::1 from c8:3d:dc:d5:f9:84"
"223","41.746989","192.168.100.23","31.13.68.60","TLSv1.2","82","Application Data"
"224","41.748439","192.168.100.23","192.168.100.1","DNS","76","Standard query 0xcfa0 A web.whatsapp.com"
"225","41.749174","192.168.100.23","192.168.100.1","DNS","76","Standard query 0xf1a8 AAAA web.whatsapp.com"
"226","41.757140","192.168.100.1","192.168.100.23","DNS","129","Standard query response 0xcfa0 A web.whatsapp.com CNAME mmx-ds.cdn.whatsapp.net A 157.240.218.60"
"227","41.767825","192.168.100.1","192.168.100.23","DNS","141","Standard query response 0xf1a8 AAAA web.whatsapp.com CNAME mmx-ds.cdn.whatsapp.net AAAA 2a03:2880:f25c:c3:face:b00c:0:167"
"228","41.770072","2001:448a:10a6:1bbd:c1b3:8540:ef40:5947","2a03:2880:f25c:c3:face:b00c:0:167","TCP","86","54057  >  443 [SYN] Seq=0 Win=64952 Len=0 MSS=1412 WS=256 SACK_PERM=1"
"229","41.779685","31.13.68.60","192.168.100.23","TCP","54","443  >  58199 [ACK] Seq=1 Ack=155 Win=432 Len=0"
"230","41.780537","HuaweiTe_84:f8:c1","Broadcast","ARP","42","Who has 192.168.100.197? Tell 192.168.100.1"
"231","41.890708","fe80::1","ff02::1:ff40:5947","ICMPv6","86","Neighbor Solicitation for 2001:448a:10a6:1bbd:c1b3:8540:ef40:5947 from 2c:55:d3:84:f8:c1"
"232","41.891712","2001:448a:10a6:1bbd:c1b3:8540:ef40:5947","fe80::1","ICMPv6","86","Neighbor Advertisement 2001:448a:10a6:1bbd:c1b3:8540:ef40:5947 (sol, ovr) is at 3c:a0:67:e3:d5:4b"
"233","42.073540","192.168.100.23","157.240.218.60","TCP","66","54058  >  443 [SYN] Seq=0 Win=64240 Len=0 MSS=1460 WS=256 SACK_PERM=1"
"234","42.103992","31.13.68.60","192.168.100.23","TCP","54","443  >  58199 [FIN, ACK] Seq=1 Ack=155 Win=432 Len=0"
"235","42.104153","192.168.100.23","31.13.68.60","TCP","54","58199  >  443 [ACK] Seq=155 Ack=2 Win=259 Len=0"
"236","42.104824","192.168.100.23","31.13.68.60","TCP","54","58199  >  443 [FIN, ACK] Seq=155 Ack=2 Win=259 Len=0"
"237","42.115133","2001:448a:10a6:1bbd:90a7:13fd:2976:6b3c","ff02::1:ff00:1","ICMPv6","86","Neighbor Solicitation for fe80::1 from 8e:47:0b:a5:7c:e5"
"238","42.128981","157.240.218.60","192.168.100.23","TCP","66","443  >  54058 [SYN, ACK] Seq=0 Ack=1 Win=65535 Len=0 MSS=1392 SACK_PERM=1 WS=256"
"239","42.129252","192.168.100.23","157.240.218.60","TCP","54","54058  >  443 [ACK] Seq=1 Ack=1 Win=66816 Len=0"
"240","42.131968","192.168.100.23","157.240.218.60","TLSv1.3","571","Client Hello"
"241","42.140796","31.13.68.60","192.168.100.23","TCP","56","443  >  58199 [ACK] Seq=2 Ack=156 Win=432 Len=0"
"242","42.183108","157.240.218.60","192.168.100.23","TCP","54","443  >  54058 [ACK] Seq=1 Ack=518 Win=66816 Len=0"
"243","42.183108","157.240.218.60","192.168.100.23","TLSv1.3","257","Server Hello, Change Cipher Spec, Application Data"
"244","42.186734","192.168.100.23","157.240.218.60","TLSv1.3","118","Change Cipher Spec, Application Data"
"245","42.188490","192.168.100.23","157.240.218.60","TLSv1.3","650","Application Data"
"246","42.271919","157.240.218.60","192.168.100.23","TCP","56","443  >  54058 [ACK] Seq=204 Ack=582 Win=66816 Len=0"
"247","42.271919","157.240.218.60","192.168.100.23","TLSv1.3","223","Application Data"
"248","42.272490","157.240.218.60","192.168.100.23","TCP","56","443  >  54058 [ACK] Seq=373 Ack=1178 Win=67840 Len=0"
"249","42.320438","192.168.100.23","157.240.218.60","TCP","54","54058  >  443 [ACK] Seq=1178 Ack=373 Win=66304 Len=0"
"250","42.390083","157.240.218.60","192.168.100.23","TCP","223","[TCP Spurious Retransmission] 443  >  54058 [PSH, ACK] Seq=204 Ack=1178 Win=67840 Len=169"
"251","42.390189","192.168.100.23","157.240.218.60","TCP","66","[TCP Dup ACK 249#1] 54058  >  443 [ACK] Seq=1178 Ack=373 Win=66304 Len=0 SLE=204 SRE=373"
"252","42.447556","157.240.218.60","192.168.100.23","TLSv1.3","268","Application Data"
"253","42.458750","192.168.100.23","192.168.100.1","DNS","80","Standard query 0xf729 A beacons.gcp.gvt2.com"
"254","42.460673","192.168.100.23","192.168.100.1","DNS","80","Standard query 0x03e3 AAAA beacons.gcp.gvt2.com"
"255","42.478582","192.168.100.1","192.168.100.23","DNS","152","Standard query response 0xf729 A beacons.gcp.gvt2.com CNAME beacons-handoff.gcp.gvt2.com CNAME gce-beacons.gcp.gvt2.com A 35.186.203.75"
"256","42.482632","192.168.100.23","157.240.218.60","TLSv1.3","184","Application Data"
"257","42.484672","192.168.100.23","157.240.218.60","TLSv1.3","308","Application Data"
"258","42.504333","192.168.100.23","192.168.100.1","DNS","80","Standard query 0x03e3 AAAA beacons.gcp.gvt2.com"
"259","42.531293","192.168.100.1","192.168.100.23","DNS","138","Standard query response 0x03e3 AAAA beacons.gcp.gvt2.com CNAME beacons-handoff.gcp.gvt2.com AAAA 2404:6800:4003:c02::5e"
"260","42.533707","192.168.100.23","35.186.203.75","QUIC","1292","Initial, DCID=60af80fc00ec2e28, PKN: 1, PADDING, PING, PING, PADDING, CRYPTO, PING, PADDING, PING, PADDING"
"261","42.546078","192.168.100.23","157.240.218.60","TCP","1446","54058  >  443 [ACK] Seq=1562 Ack=587 Win=66048 Len=1392 [TCP segment of a reassembled PDU]"
"262","42.546078","192.168.100.23","157.240.218.60","TCP","1446","54058  >  443 [ACK] Seq=2954 Ack=587 Win=66048 Len=1392 [TCP segment of a reassembled PDU]"
"263","42.546078","192.168.100.23","157.240.218.60","TCP","1446","54058  >  443 [ACK] Seq=4346 Ack=587 Win=66048 Len=1392 [TCP segment of a reassembled PDU]"
"264","42.546078","192.168.100.23","157.240.218.60","TCP","1446","54058  >  443 [ACK] Seq=5738 Ack=587 Win=66048 Len=1392 [TCP segment of a reassembled PDU]"
"265","42.546078","192.168.100.23","157.240.218.60","TCP","1446","54058  >  443 [ACK] Seq=7130 Ack=587 Win=66048 Len=1392 [TCP segment of a reassembled PDU]"
"266","42.546078","192.168.100.23","157.240.218.60","TCP","1446","54058  >  443 [ACK] Seq=8522 Ack=587 Win=66048 Len=1392 [TCP segment of a reassembled PDU]"
"267","42.546078","192.168.100.23","157.240.218.60","TCP","1446","54058  >  443 [ACK] Seq=9914 Ack=587 Win=66048 Len=1392 [TCP segment of a reassembled PDU]"
"268","42.546078","192.168.100.23","157.240.218.60","TCP","1446","54058  >  443 [ACK] Seq=11306 Ack=587 Win=66048 Len=1392 [TCP segment of a reassembled PDU]"
"269","42.546078","192.168.100.23","157.240.218.60","TLSv1.3","1039","Application Data"
"270","42.546125","192.168.100.1","192.168.100.23","DNS","150","Standard query response 0x03e3 AAAA beacons.gcp.gvt2.com CNAME beacons-handoff.gcp.gvt2.com AAAA 2404:6800:4003:c02::5e"
"271","42.549566","192.168.100.23","157.240.218.60","TCP","1446","54058  >  443 [ACK] Seq=13683 Ack=587 Win=66048 Len=1392 [TCP segment of a reassembled PDU]"
"272","42.564657","157.240.218.60","192.168.100.23","TCP","268","[TCP Spurious Retransmission] 443  >  54058 [PSH, ACK] Seq=373 Ack=1178 Win=67840 Len=214"
"273","42.564760","192.168.100.23","157.240.218.60","TCP","66","[TCP Dup ACK 256#1] 54058  >  443 [ACK] Seq=15075 Ack=587 Win=66048 Len=0 SLE=373 SRE=587"
"274","42.565178","157.240.218.60","192.168.100.23","TCP","56","443  >  54058 [ACK] Seq=587 Ack=1308 Win=69120 Len=0"
"275","42.565305","192.168.100.23","157.240.218.60","TCP","1446","54058  >  443 [ACK] Seq=15075 Ack=587 Win=66048 Len=1392 [TCP segment of a reassembled PDU]"
"276","42.565464","157.240.218.60","192.168.100.23","TCP","56","443  >  54058 [ACK] Seq=587 Ack=1562 Win=70400 Len=0"
"277","42.574523","157.240.218.60","192.168.100.23","TCP","56","443  >  54058 [ACK] Seq=587 Ack=2954 Win=73216 Len=0"
"278","42.574655","192.168.100.23","157.240.218.60","TCP","1446","54058  >  443 [ACK] Seq=16467 Ack=587 Win=66048 Len=1392 [TCP segment of a reassembled PDU]"
"279","42.574655","192.168.100.23","157.240.218.60","TLSv1.3","703","Application Data"
"280","42.575009","157.240.218.60","192.168.100.23","TCP","56","443  >  54058 [ACK] Seq=587 Ack=4346 Win=75776 Len=0"
"281","42.575803","157.240.218.60","192.168.100.23","TCP","56","443  >  54058 [ACK] Seq=587 Ack=8522 Win=84224 Len=0"
"282","42.581376","157.240.218.60","192.168.100.23","TCP","56","443  >  54058 [ACK] Seq=587 Ack=9914 Win=87040 Len=0"
"283","42.583363","35.186.203.75","192.168.100.23","QUIC","1292","Protected Payload (KP0)"
"284","42.584699","157.240.218.60","192.168.100.23","TCP","56","443  >  54058 [ACK] Seq=587 Ack=11306 Win=89856 Len=0"
"285","42.585253","192.168.100.23","35.186.203.75","QUIC","1292","Initial, DCID=60af80fc00ec2e28, PKN: 2, ACK, PADDING"
"286","42.585950","192.168.100.23","35.186.203.75","QUIC","83","Handshake, DCID=60af80fc00ec2e28"
"287","42.586195","157.240.218.60","192.168.100.23","TCP","56","443  >  54058 [ACK] Seq=587 Ack=13683 Win=94464 Len=0"
"288","42.609069","192.168.100.23","35.186.203.75","QUIC","125","Handshake, DCID=60af80fc00ec2e28"
"289","42.609528","192.168.100.23","35.186.203.75","QUIC","108","Protected Payload (KP0), DCID=60af80fc00ec2e28"
"290","42.610407","192.168.100.23","35.186.203.75","QUIC","561","Protected Payload (KP0), DCID=60af80fc00ec2e28"
"291","42.610412","157.240.218.60","192.168.100.23","TCP","56","443  >  54058 [ACK] Seq=587 Ack=15075 Win=97280 Len=0"
"292","42.610412","157.240.218.60","192.168.100.23","TCP","56","443  >  54058 [ACK] Seq=587 Ack=16467 Win=100096 Len=0"
"293","42.624358","157.240.218.60","192.168.100.23","TCP","56","443  >  54058 [ACK] Seq=587 Ack=17859 Win=102912 Len=0"
"294","42.626622","157.240.218.60","192.168.100.23","TCP","56","443  >  54058 [ACK] Seq=587 Ack=18508 Win=105728 Len=0"
"295","42.635682","35.186.203.75","192.168.100.23","QUIC","554","Protected Payload (KP0)"
"296","42.636280","35.186.203.75","192.168.100.23","QUIC","134","Protected Payload (KP0)"
"297","42.636869","192.168.100.23","35.186.203.75","QUIC","75","Protected Payload (KP0), DCID=60af80fc00ec2e28"
"298","42.640265","35.186.203.75","192.168.100.23","QUIC","69","Protected Payload (KP0)"
"299","42.669124","35.186.203.75","192.168.100.23","QUIC","617","Protected Payload (KP0)"
"300","42.670083","192.168.100.23","35.186.203.75","QUIC","77","Protected Payload (KP0), DCID=60af80fc00ec2e28"
"301","42.727287","35.186.203.75","192.168.100.23","QUIC","67","Protected Payload (KP0)"
"302","42.747132","157.240.218.60","192.168.100.23","TLSv1.3","269","Application Data"
"303","42.784367","157.240.218.60","192.168.100.23","TLSv1.3","87","Application Data"
"304","42.784607","192.168.100.23","157.240.218.60","TCP","54","54058  >  443 [ACK] Seq=18508 Ack=835 Win=65792 Len=0"
"305","42.789239","157.240.218.60","192.168.100.23","TLSv1.3","87","Application Data"
"306","42.833177","192.168.100.23","157.240.218.60","TCP","54","54058  >  443 [ACK] Seq=18508 Ack=868 Win=65792 Len=0"
"307","42.864128","HuaweiTe_84:f8:c1","Broadcast","ARP","42","Who has 192.168.100.197? Tell 192.168.100.1"
"308","42.864884","192.168.100.33","239.255.255.250","SSDP","167","M-SEARCH * HTTP/1.1 "
"309","43.160128","2001:448a:10a6:1bbd:7d6c:1346:54db:de34","ff02::1:ff00:1","ICMPv6","86","Neighbor Solicitation for fe80::1 from c8:3d:dc:d5:f9:84"
"310","43.170872","192.168.100.33","239.255.255.250","SSDP","167","M-SEARCH * HTTP/1.1 "
"311","43.198649","192.168.100.33","224.0.0.251","MDNS","103","Standard query 0x0007 PTR _233637DE._sub._googlecast._tcp.local, ""QM"" question PTR _googlecast._tcp.local, ""QM"" question"
"312","43.210435","157.240.218.60","192.168.100.23","TLSv1.3","1063","Application Data"
"313","43.213133","157.240.218.60","192.168.100.23","TLSv1.3","241","Application Data"
"314","43.213133","157.240.218.60","192.168.100.23","TLSv1.3","270","[TCP Previous segment not captured] , Continuation Data"
"315","43.213430","192.168.100.23","157.240.218.60","TCP","66","54058  >  443 [ACK] Seq=18508 Ack=2064 Win=66816 Len=0 SLE=3456 SRE=3672"
"316","43.214208","157.240.218.60","192.168.100.23","TCP","1446","[TCP Out-Of-Order] 443  >  54058 [ACK] Seq=2064 Ack=18508 Win=105728 Len=1392"
"317","43.214415","192.168.100.23","157.240.218.60","TCP","54","54058  >  443 [ACK] Seq=18508 Ack=3672 Win=66816 Len=0"
"318","43.221448","157.240.218.60","192.168.100.23","TCP","1446","443  >  54058 [ACK] Seq=3672 Ack=18508 Win=105728 Len=1392 [TCP segment of a reassembled PDU]"
"319","43.221448","157.240.218.60","192.168.100.23","TLSv1.3","346","Application Data, Application Data"
"320","43.221740","192.168.100.23","157.240.218.60","TCP","54","54058  >  443 [ACK] Seq=18508 Ack=5356 Win=66816 Len=0"
"321","43.339764","192.168.100.23","157.240.218.60","TLSv1.3","180","Application Data"
"322","43.341259","192.168.100.23","157.240.218.60","TLSv1.3","157","Application Data"
"323","43.371680","157.240.218.60","192.168.100.23","TCP","56","443  >  54058 [ACK] Seq=5356 Ack=18634 Win=105728 Len=0"
"324","43.374840","192.168.100.66","239.255.255.250","SSDP","164","M-SEARCH * HTTP/1.1 "
"325","43.379643","157.240.218.60","192.168.100.23","TCP","56","443  >  54058 [ACK] Seq=5356 Ack=18737 Win=105728 Len=0"
"326","43.477277","192.168.100.33","239.255.255.250","SSDP","167","M-SEARCH * HTTP/1.1 "
"327","43.550218","157.240.218.60","192.168.100.23","TLSv1.3","87","Application Data"
"328","43.602425","192.168.100.23","157.240.218.60","TCP","54","54058  >  443 [ACK] Seq=18737 Ack=5389 Win=66560 Len=0"
"329","43.655421","2001:448a:10a6:1bbd:7d6c:1346:54db:de34","ff02::1:ff00:1","ICMPv6","86","Neighbor Solicitation for fe80::1 from c8:3d:dc:d5:f9:84"
"330","43.874500","157.240.218.60","192.168.100.23","TCP","1446","443  >  54058 [ACK] Seq=5389 Ack=18737 Win=105728 Len=1392 [TCP segment of a reassembled PDU]"
"331","43.874500","157.240.218.60","192.168.100.23","TLSv1.3","175","Application Data"
"332","43.874639","192.168.100.23","157.240.218.60","TCP","54","54058  >  443 [ACK] Seq=18737 Ack=6902 Win=66816 Len=0"
"333","43.877845","157.240.218.60","192.168.100.23","TCP","1446","443  >  54058 [ACK] Seq=6902 Ack=18737 Win=105728 Len=1392 [TCP segment of a reassembled PDU]"
"334","43.878056","157.240.218.60","192.168.100.23","TLSv1.3","1257","Application Data"
"335","43.878188","192.168.100.23","157.240.218.60","TCP","54","54058  >  443 [ACK] Seq=18737 Ack=9497 Win=66816 Len=0"
"336","43.888462","HuaweiTe_84:f8:c1","Broadcast","ARP","42","Who has 192.168.100.197? Tell 192.168.100.1"
"337","43.888628","157.240.218.60","192.168.100.23","TCP","1446","443  >  54058 [ACK] Seq=9497 Ack=18737 Win=105728 Len=1392 [TCP segment of a reassembled PDU]"
"338","43.889871","157.240.218.60","192.168.100.23","TLSv1.3","1446","Application Data [TCP segment of a reassembled PDU]"
"339","43.889949","192.168.100.23","157.240.218.60","TCP","54","54058  >  443 [ACK] Seq=18737 Ack=12281 Win=66816 Len=0"
"340","43.890214","157.240.218.60","192.168.100.23","TLSv1.3","447","Application Data"
"341","43.938320","192.168.100.23","157.240.218.60","TCP","54","54058  >  443 [ACK] Seq=18737 Ack=12674 Win=66304 Len=0"
"342","43.946889","157.240.218.60","192.168.100.23","TLSv1.3","985","Application Data"
"343","43.986318","192.168.100.23","157.240.218.60","TCP","54","54058  >  443 [ACK] Seq=18737 Ack=13605 Win=65280 Len=0"
"344","44.154215","2001:448a:10a6:1bbd:7d6c:1346:54db:de34","ff02::1:ff00:1","ICMPv6","86","Neighbor Solicitation for fe80::1 from c8:3d:dc:d5:f9:84"
"345","44.266900","157.240.218.60","192.168.100.23","TLSv1.3","489","Application Data"
"346","44.294365","192.168.100.23","157.240.218.60","TLSv1.3","134","Application Data"
"347","44.319976","157.240.218.60","192.168.100.23","TCP","56","443  >  54058 [ACK] Seq=14040 Ack=18817 Win=105728 Len=0"
"348","44.400095","192.168.100.23","157.240.218.60","TLSv1.3","173","Application Data"
"349","44.401437","192.168.100.23","157.240.218.60","TLSv1.3","173","Application Data"
"350","44.403885","192.168.100.23","157.240.218.60","TLSv1.3","157","Application Data"
"351","44.423719","157.240.218.60","192.168.100.23","TCP","56","443  >  54058 [ACK] Seq=14040 Ack=18936 Win=105728 Len=0"
"352","44.425950","157.240.218.60","192.168.100.23","TCP","56","443  >  54058 [ACK] Seq=14040 Ack=19055 Win=105728 Len=0"
"353","44.429073","157.240.218.60","192.168.100.23","TCP","56","443  >  54058 [ACK] Seq=14040 Ack=19158 Win=105728 Len=0"
"354","44.442593","2001:448a:10a6:1bbd:1413:d4d4:617:e86c","ff02::1:ff00:1","ICMPv6","86","Neighbor Solicitation for fe80::1 from 8c:d9:d6:fe:f0:a6"
"355","44.501924","157.240.218.60","192.168.100.23","TLSv1.3","87","Application Data"
"356","44.546423","192.168.100.23","157.240.218.60","TCP","54","54058  >  443 [ACK] Seq=19158 Ack=14073 Win=66560 Len=0"
"357","44.548980","157.240.218.60","192.168.100.23","TLSv1.3","240","Application Data"
"358","44.594332","192.168.100.23","157.240.218.60","TCP","54","54058  >  443 [ACK] Seq=19158 Ack=14259 Win=66560 Len=0"
"359","44.604538","157.240.218.60","192.168.100.23","TLSv1.3","87","Application Data"
"360","44.605633","157.240.218.60","192.168.100.23","TLSv1.3","87","Application Data"
"361","44.605808","192.168.100.23","157.240.218.60","TCP","54","54058  >  443 [ACK] Seq=19158 Ack=14325 Win=66304 Len=0"
"362","44.608567","157.240.218.60","192.168.100.23","TLSv1.3","87","Application Data"
"363","44.658191","192.168.100.23","157.240.218.60","TCP","54","54058  >  443 [ACK] Seq=19158 Ack=14358 Win=66304 Len=0"
"364","44.916840","157.240.218.60","192.168.100.23","TLSv1.3","167","Application Data"
"365","44.961659","157.240.218.60","192.168.100.23","TLSv1.3","233","Application Data"
"366","44.961785","192.168.100.23","157.240.218.60","TCP","54","54058  >  443 [ACK] Seq=19158 Ack=14650 Win=66048 Len=0"
"367","45.015749","HuaweiTe_84:f8:c1","Broadcast","ARP","42","Who has 192.168.100.197? Tell 192.168.100.1"
"368","45.208444","157.240.218.60","192.168.100.23","TCP","1446","443  >  54058 [ACK] Seq=14650 Ack=19158 Win=105728 Len=1392 [TCP segment of a reassembled PDU]"
"369","45.208444","157.240.218.60","192.168.100.23","TLSv1.3","175","Application Data"
"370","45.208735","192.168.100.23","157.240.218.60","TCP","54","54058  >  443 [ACK] Seq=19158 Ack=16163 Win=66816 Len=0"
"371","45.211888","157.240.218.60","192.168.100.23","TCP","1446","443  >  54058 [ACK] Seq=16163 Ack=19158 Win=105728 Len=1392 [TCP segment of a reassembled PDU]"
"372","45.211888","157.240.218.60","192.168.100.23","TLSv1.3","1257","Application Data"
"373","45.212182","192.168.100.23","157.240.218.60","TCP","54","54058  >  443 [ACK] Seq=19158 Ack=18758 Win=66816 Len=0"
"374","45.219443","157.240.218.60","192.168.100.23","TCP","1446","443  >  54058 [ACK] Seq=18758 Ack=19158 Win=105728 Len=1392 [TCP segment of a reassembled PDU]"
"375","45.219763","157.240.218.60","192.168.100.23","TCP","1446","443  >  54058 [PSH, ACK] Seq=20150 Ack=19158 Win=105728 Len=1392 [TCP segment of a reassembled PDU]"
"376","45.219922","192.168.100.23","157.240.218.60","TCP","54","54058  >  443 [ACK] Seq=19158 Ack=21542 Win=66816 Len=0"
"377","45.220271","157.240.218.60","192.168.100.23","TLSv1.3","1356","Application Data"
"378","45.224297","2001:448a:10a6:1bbd:1413:d4d4:617:e86c","ff02::1:ff00:1","ICMPv6","86","Neighbor Solicitation for fe80::1 from 8c:d9:d6:fe:f0:a6"
"379","45.232485","157.240.218.60","192.168.100.23","TCP","1446","443  >  54058 [ACK] Seq=22844 Ack=19158 Win=105728 Len=1392 [TCP segment of a reassembled PDU]"
"380","45.232485","157.240.218.60","192.168.100.23","TCP","1446","443  >  54058 [PSH, ACK] Seq=24236 Ack=19158 Win=105728 Len=1392 [TCP segment of a reassembled PDU]"
"381","45.232784","192.168.100.23","157.240.218.60","TCP","54","54058  >  443 [ACK] Seq=19158 Ack=25628 Win=66816 Len=0"
"382","45.233164","157.240.218.60","192.168.100.23","TLSv1.3","1356","Application Data"
"383","45.233328","192.168.100.23","157.240.218.60","TCP","54","54058  >  443 [ACK] Seq=19158 Ack=26930 Win=65280 Len=0"
"384","45.237012","157.240.218.60","192.168.100.23","TCP","1446","443  >  54058 [ACK] Seq=26930 Ack=19158 Win=105728 Len=1392 [TCP segment of a reassembled PDU]"
"385","45.237521","157.240.218.60","192.168.100.23","TCP","1446","443  >  54058 [PSH, ACK] Seq=28322 Ack=19158 Win=105728 Len=1392 [TCP segment of a reassembled PDU]"
"386","45.237706","192.168.100.23","157.240.218.60","TCP","54","54058  >  443 [ACK] Seq=19158 Ack=29714 Win=66816 Len=0"
"387","45.238221","157.240.218.60","192.168.100.23","TLSv1.3","1446","Application Data [TCP segment of a reassembled PDU]"
"388","45.238979","157.240.218.60","192.168.100.23","TLSv1.3","114","Application Data"
"389","45.239165","192.168.100.23","157.240.218.60","TCP","54","54058  >  443 [ACK] Seq=19158 Ack=31166 Win=66816 Len=0"
"390","45.242951","157.240.218.60","192.168.100.23","TCP","1446","443  >  54058 [ACK] Seq=31166 Ack=19158 Win=105728 Len=1392 [TCP segment of a reassembled PDU]"
"391","45.242951","157.240.218.60","192.168.100.23","TLSv1.3","175","Application Data"
"392","45.243245","192.168.100.23","157.240.218.60","TCP","54","54058  >  443 [ACK] Seq=19158 Ack=32679 Win=66816 Len=0"
"393","45.249346","157.240.218.60","192.168.100.23","TCP","1446","443  >  54058 [ACK] Seq=32679 Ack=19158 Win=105728 Len=1392 [TCP segment of a reassembled PDU]"
"394","45.249719","157.240.218.60","192.168.100.23","TLSv1.3","1257","Application Data"
"395","45.249851","192.168.100.23","157.240.218.60","TCP","54","54058  >  443 [ACK] Seq=19158 Ack=35274 Win=66816 Len=0"
"396","45.256342","157.240.218.60","192.168.100.23","TCP","1446","443  >  54058 [ACK] Seq=35274 Ack=19158 Win=105728 Len=1392 [TCP segment of a reassembled PDU]"
"397","45.256516","157.240.218.60","192.168.100.23","TCP","1446","443  >  54058 [PSH, ACK] Seq=36666 Ack=19158 Win=105728 Len=1392 [TCP segment of a reassembled PDU]"
"398","45.256578","192.168.100.23","157.240.218.60","TCP","54","54058  >  443 [ACK] Seq=19158 Ack=38058 Win=66816 Len=0"
"399","45.258145","157.240.218.60","192.168.100.23","TLSv1.3","1356","Application Data"
"400","45.268375","157.240.218.60","192.168.100.23","TCP","1446","443  >  54058 [ACK] Seq=39360 Ack=19158 Win=105728 Len=1392 [TCP segment of a reassembled PDU]"
"401","45.268507","192.168.100.23","157.240.218.60","TCP","54","54058  >  443 [ACK] Seq=19158 Ack=40752 Win=66816 Len=0"
"402","45.270328","157.240.218.60","192.168.100.23","TCP","1446","443  >  54058 [PSH, ACK] Seq=40752 Ack=19158 Win=105728 Len=1392 [TCP segment of a reassembled PDU]"
"403","45.270582","157.240.218.60","192.168.100.23","TLSv1.3","1356","Application Data"
"404","45.270709","192.168.100.23","157.240.218.60","TCP","54","54058  >  443 [ACK] Seq=19158 Ack=43446 Win=66816 Len=0"
"405","45.274879","157.240.218.60","192.168.100.23","TCP","1446","443  >  54058 [ACK] Seq=43446 Ack=19158 Win=105728 Len=1392 [TCP segment of a reassembled PDU]"
"406","45.276499","157.240.218.60","192.168.100.23","TCP","1446","443  >  54058 [PSH, ACK] Seq=44838 Ack=19158 Win=105728 Len=1392 [TCP segment of a reassembled PDU]"
"407","45.276499","157.240.218.60","192.168.100.23","TLSv1.3","114","[TCP Previous segment not captured] , Continuation Data"
"408","45.276646","192.168.100.23","157.240.218.60","TCP","66","54058  >  443 [ACK] Seq=19158 Ack=46230 Win=66816 Len=0 SLE=47622 SRE=47682"
"409","45.277165","157.240.218.60","192.168.100.23","TCP","1446","[TCP Out-Of-Order] 443  >  54058 [ACK] Seq=46230 Ack=19158 Win=105728 Len=1392"
"410","45.277264","192.168.100.23","157.240.218.60","TCP","54","54058  >  443 [ACK] Seq=19158 Ack=47682 Win=66816 Len=0"
"411","45.281262","157.240.218.60","192.168.100.23","TCP","1446","443  >  54058 [ACK] Seq=47682 Ack=19158 Win=105728 Len=1392 [TCP segment of a reassembled PDU]"
"412","45.286795","157.240.218.60","192.168.100.23","TLSv1.3","175","Application Data"
"413","45.286873","192.168.100.23","157.240.218.60","TCP","54","54058  >  443 [ACK] Seq=19158 Ack=49195 Win=66816 Len=0"
"414","45.292156","157.240.218.60","192.168.100.23","TCP","1446","443  >  54058 [ACK] Seq=49195 Ack=19158 Win=105728 Len=1392 [TCP segment of a reassembled PDU]"
"415","45.292156","157.240.218.60","192.168.100.23","TLSv1.3","1257","Application Data"
"416","45.292302","192.168.100.23","157.240.218.60","TCP","54","54058  >  443 [ACK] Seq=19158 Ack=51790 Win=66816 Len=0"
"417","45.386969","157.240.218.60","192.168.100.23","TCP","1446","443  >  54058 [ACK] Seq=51790 Ack=19158 Win=105728 Len=1392 [TCP segment of a reassembled PDU]"
"418","45.387600","157.240.218.60","192.168.100.23","TCP","1446","443  >  54058 [PSH, ACK] Seq=53182 Ack=19158 Win=105728 Len=1392 [TCP segment of a reassembled PDU]"
"419","45.387766","192.168.100.23","157.240.218.60","TCP","54","54058  >  443 [ACK] Seq=19158 Ack=54574 Win=66816 Len=0"
"420","45.392770","157.240.218.60","192.168.100.23","TLSv1.3","1356","Application Data"
"421","45.392770","157.240.218.60","192.168.100.23","TLSv1.3","73","[TCP Previous segment not captured] , Continuation Data"
"422","45.393062","192.168.100.23","157.240.218.60","TCP","66","54058  >  443 [ACK] Seq=19158 Ack=55876 Win=65280 Len=0 SLE=57268 SRE=57287"
"423","45.393463","157.240.218.60","192.168.100.23","TCP","1446","[TCP Out-Of-Order] 443  >  54058 [ACK] Seq=55876 Ack=19158 Win=105728 Len=1392"
"424","45.393626","192.168.100.23","157.240.218.60","TCP","54","54058  >  443 [ACK] Seq=19158 Ack=57287 Win=66816 Len=0"
"425","46.000834","2001:448a:10a6:1bbd:1413:d4d4:617:e86c","ff02::1:ff00:1","ICMPv6","86","Neighbor Solicitation for fe80::1 from 8c:d9:d6:fe:f0:a6"
"426","46.038097","HuaweiTe_84:f8:c1","Broadcast","ARP","42","Who has 192.168.100.197? Tell 192.168.100.1"
"427","46.242631","192.168.100.131","239.255.255.250","SSDP","167","M-SEARCH * HTTP/1.1 "
"428","46.344909","192.168.100.13","239.255.255.250","SSDP","167","M-SEARCH * HTTP/1.1 "
"429","46.559410","192.168.100.131","239.255.255.250","SSDP","167","M-SEARCH * HTTP/1.1 "
"430","46.761995","2001:448a:10a6:1bbd:7d6c:1346:54db:de34","ff02::1:ff00:1","ICMPv6","86","Neighbor Solicitation for fe80::1 from c8:3d:dc:d5:f9:84"
"431","46.763057","fe80::599f:82bb:5427:6ac3","fe80::1","ICMPv6","86","Neighbor Solicitation for fe80::1 from 3c:a0:67:e3:d5:4b"
"432","46.857036","192.168.100.131","239.255.255.250","SSDP","167","M-SEARCH * HTTP/1.1 "
"433","46.959415","192.168.100.13","239.255.255.250","SSDP","167","M-SEARCH * HTTP/1.1 "
"434","46.999406","HuaweiTe_84:f8:c1","Broadcast","ARP","42","Who has 192.168.100.197? Tell 192.168.100.1"
"435","47.258962","2001:448a:10a6:1bbd:7d6c:1346:54db:de34","ff02::1:ff00:1","ICMPv6","86","Neighbor Solicitation for fe80::1 from c8:3d:dc:d5:f9:84"
"436","47.758951","2001:448a:10a6:1bbd:7d6c:1346:54db:de34","ff02::1:ff00:1","ICMPv6","86","Neighbor Solicitation for fe80::1 from c8:3d:dc:d5:f9:84"
"437","47.762311","fe80::599f:82bb:5427:6ac3","fe80::1","ICMPv6","86","Neighbor Solicitation for fe80::1 from 3c:a0:67:e3:d5:4b"
"438","48.146278","192.168.100.23","142.251.10.188","TCP","55","[TCP Keep-Alive] 58198  >  5228 [ACK] Seq=1 Ack=1 Win=256 Len=1"
"439","48.194246","142.251.10.188","192.168.100.23","TCP","66","[TCP Keep-Alive ACK] 5228  >  58198 [ACK] Seq=1 Ack=2 Win=265 Len=0 SLE=1 SRE=2"
"440","48.754213","fe80::599f:82bb:5427:6ac3","fe80::1","ICMPv6","86","Neighbor Solicitation for fe80::1 from 3c:a0:67:e3:d5:4b"
"441","49.213491","HuaweiTe_84:f8:c1","Broadcast","ARP","42","Who has 192.168.100.197? Tell 192.168.100.1"
"442","50.148197","HuaweiTe_84:f8:c1","Broadcast","ARP","42","Who has 192.168.100.197? Tell 192.168.100.1"
